{
    "Folder.home": {
        "widgets": [
            {
                "configutation": {
                    "title": "ToDo"
                },
                "height": 2,
                "instanceId": "41e3c46a-bc29-013a-9af5-8e184a6e9f7e",
                "pluginId": "tasks-plugin",
                "widgetId": "tasks-m",
                "width": 2,
                "x": 7,
                "y": 0
            },
            {
                "configutation": {
                    "firstDay": 0
                },
                "height": 2,
                "instanceId": "df1ec2b0-eee3-1f4a-70a4-e9bfb0fa53cf",
                "pluginId": "calendar-plugin",
                "widgetId": "calendar-m",
                "width": 2,
                "x": 0,
                "y": 0
            },
            {
                "configutation": {
                    "icon": "ion:logo-github",
                    "title": "Github",
                    "url": "https://github.com/alvin1904"
                },
                "height": 1,
                "instanceId": "51d0a9bb-61ad-02f0-15ec-3aa52541146b",
                "pluginId": "bookmark-plugin",
                "widgetId": "bookmark-s",
                "width": 1,
                "x": 6,
                "y": 1
            },
            {
                "configutation": {
                    "icon": "ic:sharp-whatsapp",
                    "title": "Whatsapp",
                    "url": "https://web.whatsapp.com/"
                },
                "height": 1,
                "instanceId": "a5da276c-69a8-9986-513e-f380dc853524",
                "pluginId": "bookmark-plugin",
                "widgetId": "bookmark-s",
                "width": 1,
                "x": 2,
                "y": 1
            },
            {
                "configutation": {
                    "icon": "ion:aperture-outline",
                    "title": "ChatGPT",
                    "url": "https://chat.openai.com/"
                },
                "height": 1,
                "instanceId": "65467c0f-f84e-e3df-d2d8-e9570e61ecca",
                "pluginId": "bookmark-plugin",
                "widgetId": "bookmark-s",
                "width": 1,
                "x": 5,
                "y": 1
            },
            {
                "configutation": {
                    "icon": "ion:mail",
                    "title": "Gmail",
                    "url": "https://mail.google.com/mail/u/0/?tab=km#inbox"
                },
                "height": 1,
                "instanceId": "bb5d39da-9990-43ca-3248-6e3fe31ad106",
                "pluginId": "bookmark-plugin",
                "widgetId": "bookmark-s",
                "width": 1,
                "x": 2,
                "y": 0
            },
            {
                "configutation": {
                    "defaultProvider": "google"
                },
                "height": 1,
                "instanceId": "52d1c159-65b6-09b6-7082-a44b482a2546",
                "pluginId": "search-plugin",
                "widgetId": "search-widget",
                "width": 4,
                "x": 3,
                "y": 0
            },
            {
                "configutation": {
                    "icon": "logos:spotify-icon",
                    "title": "Spotify",
                    "url": "https://open.spotify.com/"
                },
                "height": 1,
                "instanceId": "8c56b923-982b-f592-9821-f66652b3acfb",
                "pluginId": "bookmark-plugin",
                "widgetId": "bookmark-s",
                "width": 1,
                "x": 4,
                "y": 1
            },
            {
                "configutation": {
                    "icon": "ion:logo-youtube",
                    "title": "Youtube",
                    "url": "https://www.youtube.com/"
                },
                "height": 1,
                "instanceId": "60bf75e8-6872-4a46-b15e-c20084166ca7",
                "pluginId": "bookmark-plugin",
                "widgetId": "bookmark-s",
                "width": 1,
                "x": 3,
                "y": 1
            },
            {
                "configutation": {},
                "height": 1,
                "instanceId": "5bfb5147-1849-0b12-a612-c3841015c027",
                "pluginId": "notes-plugin",
                "widgetId": "notes-s",
                "width": 2,
                "x": 7,
                "y": 2
            },
            {
                "configutation": {
                    "location": {
                        "admin1": "Kerala",
                        "admin2": "Kottayam",
                        "country": "India",
                        "id": 1274664,
                        "latitude": 9.44203,
                        "longitude": 76.53604,
                        "name": "Changanācheri"
                    },
                    "speedUnit": "km/h",
                    "temperatureUnit": "c"
                },
                "height": 1,
                "instanceId": "e243e42b-f022-dfd2-69e9-d78ffb0f1296",
                "pluginId": "weather-plugin",
                "widgetId": "weather-current",
                "width": 2,
                "x": 0,
                "y": 2
            },
            {
                "configutation": {},
                "height": 1,
                "instanceId": "39faf72b-d735-90de-0810-cdc83591af1a",
                "pluginId": "system-status-plugin",
                "widgetId": "cpu-load-status",
                "width": 1,
                "x": 5,
                "y": 2
            },
            {
                "configutation": {},
                "height": 1,
                "instanceId": "543af7f4-ec8b-e67d-e8e6-81059630e59d",
                "pluginId": "system-status-plugin",
                "widgetId": "ram-load-status",
                "width": 1,
                "x": 6,
                "y": 2
            },
            {
                "configutation": {
                    "dateFormat": "Do MMMM Y",
                    "timeFormat": "HH:mm",
                    "title": "DateTime",
                    "tz": "Asia/Calcutta"
                },
                "height": 1,
                "instanceId": "d425514c-4103-cc1c-6ad5-62e80b5d3ed1",
                "pluginId": "datetime-plugin",
                "widgetId": "datetime-widget",
                "width": 1,
                "x": 4,
                "y": 2
            },
            {
                "configutation": {
                    "location": {
                        "admin1": "Uttar Pradesh",
                        "country": "India",
                        "id": 1262801,
                        "latitude": 28.83893,
                        "longitude": 78.77684,
                        "name": "Morādābād"
                    },
                    "speedUnit": "km/h",
                    "temperatureUnit": "c"
                },
                "height": 1,
                "instanceId": "309ff750-8ebb-b30f-0cde-1f28d0442cd9",
                "pluginId": "weather-plugin",
                "widgetId": "weather-current",
                "width": 2,
                "x": 2,
                "y": 2
            }
        ]
    },
    "WidgetStorage.41e3c46a-bc29-013a-9af5-8e184a6e9f7e": {
        "tasks": [
            {
                "id": "74bdf175-4b02-b512-2973-a73184597e4d",
                "text": "DSA"
            },
            {
                "id": "12837559-4671-44c9-86b5-3c3377f4ed98",
                "text": "AAD/CD/CG"
            },
            {
                "id": "66ade349-d145-6863-92f2-b75b1c660408",
                "text": "Skillvine"
            }
        ]
    },
    "automaticCompactMode": false,
    "compactMode": true,
    "hasUnreadReleaseNotes": false,
    "showLoadAnimation": true,
    "stealFocus": true,
    "theme": "Forest lake"
}